date,open,close,high,low,volume,money
2018-11-16,3.81,4.57,4.57,3.81,1975592.0,9014148.0
2018-11-19,5.03,5.03,5.03,5.03,1338508.0,6733615.0
2018-11-20,5.53,5.53,5.53,5.53,1820990.0,10078645.0
2018-11-21,6.09,6.09,6.09,6.09,5938328.0,36142310.0
2018-11-22,6.69,6.69,6.69,6.69,6553383.0,43874273.0
2018-11-23,7.36,7.36,7.36,6.85,681415449.0,4870380565.0
2018-11-26,7.12,6.83,7.23,6.63,434230519.0,2981369047.0
2018-11-27,6.72,6.56,6.8,6.38,261955095.0,1710564590.0
2018-11-28,6.47,6.61,6.76,6.42,210193403.0,1393165657.0
2018-11-29,6.61,6.23,6.61,6.22,218760349.0,1396952076.0
2018-11-30,6.15,6.13,6.2,5.87,189629603.0,1147018230.0
2018-12-03,6.22,6.33,6.54,6.11,244912703.0,1552289572.0
2018-12-04,6.21,6.26,6.27,6.11,147621690.0,913718467.0
2018-12-05,6.09,6.11,6.18,6.06,106936916.0,654022701.0
2018-12-06,6.05,6.13,6.33,6.01,123242872.0,761658250.0
2018-12-07,6.11,6.07,6.17,6.03,74143598.0,450616617.0
2018-12-10,6.01,5.92,6.05,5.88,80117246.0,475157568.0
2018-12-11,5.93,6.02,6.07,5.9,76134833.0,455093759.0
2018-12-12,6.01,6.0,6.07,5.97,54524428.0,328089385.0
2018-12-13,6.01,6.06,6.15,5.95,101334423.0,614671867.0
2018-12-14,6.03,5.94,6.04,5.9,84776179.0,503960294.0
2018-12-17,5.91,5.92,5.95,5.87,44961740.0,265556343.0
2018-12-18,5.89,5.82,5.93,5.79,56677172.0,331589640.0
2018-12-19,5.84,5.77,5.85,5.75,42295113.0,245438580.0
2018-12-20,5.75,5.71,5.78,5.61,68112582.0,387601341.0
2018-12-21,5.66,5.62,5.67,5.59,48754951.0,273981807.0
2018-12-24,5.6,5.63,5.65,5.58,34548203.0,193997493.0
2018-12-25,5.57,5.49,5.57,5.34,80686685.0,439619684.0
2018-12-26,5.46,5.35,5.51,5.35,47857891.0,258970484.0
2018-12-27,5.45,5.2,5.48,5.2,59395533.0,317594834.0
2018-12-28,5.22,5.12,5.3,5.11,66358229.0,344413031.0
2019-01-02,5.13,5.02,5.15,4.99,48659279.0,246035700.0
2019-01-03,5.03,5.13,5.26,5.02,82245264.0,423602117.0
2019-01-04,5.02,5.37,5.48,4.98,176338928.0,933108494.0
2019-01-07,5.34,5.29,5.34,5.2,112337748.0,591292991.0
2019-01-08,5.23,5.18,5.26,5.17,66092166.0,344274502.0
2019-01-09,5.18,5.2,5.31,5.18,97345031.0,510956837.0
2019-01-10,5.16,5.11,5.17,5.1,63305302.0,324501134.0
2019-01-11,5.11,5.21,5.27,5.11,75930187.0,394898100.0
2019-01-14,5.24,5.14,5.24,5.13,48148854.0,248311425.0
2019-01-15,5.14,5.27,5.29,5.12,93969268.0,490121509.0
2019-01-16,5.23,5.21,5.24,5.17,54308313.0,282750254.0
2019-01-17,5.19,5.19,5.29,5.16,75121503.0,392939261.0
2019-01-18,5.2,5.24,5.27,5.16,66699691.0,348548242.0
2019-01-21,5.23,5.21,5.26,5.19,58450110.0,305271725.0
2019-01-22,5.21,5.11,5.21,5.1,55953284.0,287640387.0
2019-01-23,5.09,5.09,5.13,5.06,31610518.0,160937920.0
2019-01-24,5.09,5.13,5.17,5.07,33878987.0,173488994.0
2019-01-25,5.13,5.24,5.44,5.12,136170124.0,717514578.0
2019-01-28,5.26,5.18,5.29,5.16,74788530.0,391117020.0
2019-01-29,5.2,5.42,5.48,5.17,177700006.0,947881662.0
2019-01-30,5.29,5.38,5.43,5.27,106657737.0,570171328.0
2019-01-31,5.37,5.5,5.56,5.33,138468934.0,757271568.0
2019-02-01,5.51,5.51,5.52,5.42,86119914.0,471278346.0
2019-02-11,5.47,5.53,5.53,5.41,88862514.0,485761045.0
2019-02-12,5.51,5.47,5.51,5.44,76140362.0,416022742.0
2019-02-13,5.46,5.62,5.68,5.44,141503162.0,787407665.0
2019-02-14,5.57,5.55,5.6,5.52,87078135.0,483435611.0
2019-02-15,5.55,5.44,5.56,5.44,76718448.0,421012091.0
2019-02-18,5.47,5.58,5.59,5.46,106446700.0,589129156.0
2019-02-19,5.56,6.03,6.14,5.54,342913398.0,2042004854.0
2019-02-20,5.91,5.94,6.02,5.86,166151802.0,984826040.0
2019-02-21,5.97,5.93,6.11,5.88,183585615.0,1105556739.0
2019-02-22,5.98,6.28,6.44,5.86,200719793.0,1227469130.0
2019-02-25,6.47,6.9,6.9,6.37,303960754.0,2056529877.0
2019-02-26,7.23,7.23,7.6,7.04,397796340.0,2925854930.0
2019-02-27,7.17,7.95,7.95,7.12,386137705.0,2981438186.0
2019-02-28,8.04,7.57,8.04,7.42,290813151.0,2233218511.0
2019-03-01,7.47,8.33,8.33,7.42,305025191.0,2414235365.0
2019-03-04,8.84,9.17,9.17,8.6,232666840.0,2105869300.0
2019-03-05,9.51,10.08,10.08,9.38,381621872.0,3768370125.0
2019-03-06,10.51,11.09,11.09,10.51,175810371.0,1921049592.0
2019-03-07,12.2,12.2,12.2,12.2,14703165.0,179394538.0
2019-03-08,10.98,10.98,12.26,10.98,459517992.0,5155695470.0
2019-03-11,9.99,9.9,10.36,9.89,365461979.0,3631509015.0
2019-03-12,9.99,10.13,10.51,9.89,338416023.0,3437785581.0
2019-03-13,10.32,9.6,10.32,9.38,270555906.0,2623057355.0
2019-03-14,9.27,9.14,9.63,8.87,226320718.0,2093448089.0
2019-03-15,9.36,9.08,9.4,8.92,182020232.0,1666728799.0
2019-03-18,9.07,9.57,9.64,8.77,240171491.0,2224721914.0
2019-03-19,9.41,9.6,9.99,9.38,226035170.0,2197065959.0
2019-03-20,9.66,9.64,9.75,9.22,169263581.0,1610483724.0
2019-03-21,9.56,9.69,9.91,9.51,207723055.0,2018508458.0
2019-03-22,9.51,9.5,9.65,9.33,136554079.0,1292764705.0
2019-03-25,9.13,8.98,9.3,8.95,145900746.0,1328579372.0
2019-03-26,9.0,8.71,9.08,8.63,111293252.0,978780133.0
2019-03-27,8.81,8.82,8.87,8.66,79807579.0,700624112.0
2019-03-28,8.73,8.55,8.73,8.51,84595772.0,729406721.0
2019-03-29,8.55,9.12,9.27,8.55,176500731.0,1580416226.0
2019-04-01,9.12,9.35,9.5,9.02,171156197.0,1586430741.0
2019-04-02,9.35,9.8,10.23,9.19,258579633.0,2496842957.0
2019-04-03,9.52,9.61,9.73,9.45,151602800.0,1451532558.0
2019-04-04,9.62,9.54,9.84,9.51,124222653.0,1196181073.0
2019-04-08,9.51,9.24,9.64,9.11,131890814.0,1234283829.0
2019-04-09,9.2,9.26,9.4,9.06,73965395.0,681899102.0
2019-04-10,9.19,9.11,9.24,9.05,66769138.0,608416619.0
2019-04-11,9.14,8.99,9.22,8.94,58347082.0,529713059.0
2019-04-12,9.0,9.08,9.12,8.94,43281450.0,391673249.0
2019-04-15,9.21,9.1,9.45,9.08,97025782.0,902144070.0
2019-04-16,8.94,9.24,9.3,8.76,90124631.0,819128972.0
2019-04-17,9.25,9.14,9.25,9.08,64839835.0,593530265.0
2019-04-18,9.13,9.03,9.17,9.02,51666572.0,469088855.0
2019-04-19,9.04,9.14,9.24,9.02,63685241.0,583202652.0
2019-04-22,9.2,9.02,9.22,8.99,55173412.0,500168107.0
2019-04-23,8.99,9.11,9.24,8.83,75056822.0,677260685.0
2019-04-24,9.0,9.04,9.13,8.87,46766993.0,420911092.0
2019-04-25,9.04,8.98,9.24,8.94,93656803.0,853832834.0
2019-04-26,8.88,8.7,8.9,8.66,68111020.0,596481883.0
2019-04-29,8.69,8.18,8.76,8.13,76349885.0,640173827.0
2019-04-30,8.21,8.17,8.3,8.04,40180938.0,328250140.0
2019-05-06,7.97,7.43,7.97,7.35,72289509.0,550651001.0
2019-05-07,7.47,7.53,7.55,7.28,49700195.0,371498209.0
2019-05-08,7.34,7.48,7.54,7.28,33976010.0,252930665.0
2019-05-09,7.44,7.59,7.7,7.38,52580022.0,398022079.0
2019-05-10,7.66,7.95,8.06,7.61,81449650.0,641448163.0
2019-05-13,7.83,7.74,7.86,7.68,41245564.0,320617438.0
2019-05-14,7.61,7.63,7.73,7.54,31576736.0,241448244.0
2019-05-15,7.71,7.83,7.93,7.69,47220262.0,369661441.0
2019-05-16,7.8,7.84,7.86,7.7,36768375.0,286570581.0
2019-05-17,7.86,7.61,7.87,7.57,42453210.0,326481255.0
2019-05-20,7.61,7.77,7.89,7.46,46064766.0,354595425.0
2019-05-21,7.62,7.81,7.88,7.62,44253937.0,345162214.0
2019-05-22,7.8,7.72,7.83,7.7,28435381.0,220515244.0
2019-05-23,7.69,7.68,7.83,7.65,31765174.0,245272977.0
2019-05-24,7.66,7.85,8.0,7.66,62202898.0,487961445.0
2019-05-27,7.8,8.03,8.07,7.73,64711189.0,513791774.0
2019-05-28,8.03,7.95,8.11,7.92,56518255.0,452539727.0
2019-05-29,7.96,8.65,8.75,7.92,172045119.0,1463433733.0
2019-05-30,8.39,8.62,8.64,8.37,118458257.0,1007612087.0
2019-05-31,8.64,8.62,8.78,8.46,100743685.0,869089082.0
2019-06-03,8.64,8.7,8.76,8.57,85029275.0,738790497.0
2019-06-04,8.7,8.38,8.71,8.34,77651880.0,657666393.0
2019-06-05,8.51,8.27,8.54,8.27,52980060.0,443745577.0
2019-06-06,8.27,8.15,8.35,8.1,41030715.0,337108386.0
2019-06-10,8.2,8.26,8.3,8.0,44606752.0,366447732.0
2019-06-11,8.19,8.68,8.89,8.19,102139045.0,873442558.0
2019-06-12,8.63,8.52,8.66,8.47,64747340.0,555274091.0
2019-06-13,8.46,8.6,8.72,8.44,52943079.0,455207542.0
2019-06-14,8.63,8.49,8.88,8.49,92716006.0,806698628.0
2019-06-17,8.46,8.47,8.64,8.36,41435747.0,351989687.0
2019-06-18,8.47,8.51,8.54,8.39,28584967.0,242117216.0
2019-06-19,8.89,8.61,9.03,8.58,66239273.0,579188856.0
2019-06-20,8.59,9.3,9.47,8.56,263786364.0,2426806271.0
2019-06-21,9.12,9.39,9.41,9.03,186036001.0,1710176340.0
2019-06-24,9.32,9.23,9.4,9.13,93757572.0,868126669.0
2019-06-25,9.22,9.09,9.22,8.9,75790388.0,685794730.0
2019-06-26,8.93,8.97,9.1,8.9,44018945.0,396730881.0
2019-06-27,9.0,9.05,9.18,9.0,61141997.0,556479186.0
2019-06-28,9.03,9.02,9.13,8.93,41692066.0,375668820.0
2019-07-01,9.22,9.25,9.37,9.16,96474303.0,893624101.0
2019-07-02,9.23,9.15,9.24,9.13,45191637.0,414659406.0
2019-07-03,9.1,8.9,9.11,8.87,56761581.0,508464718.0
2019-07-04,8.98,8.97,8.99,8.84,33022675.0,294348521.0
2019-07-05,8.95,8.98,9.04,8.95,28264538.0,254412414.0
2019-07-08,8.91,8.58,8.91,8.57,60994316.0,527746904.0
2019-07-09,8.57,8.56,8.64,8.44,31366949.0,267748682.0
2019-07-10,8.58,8.51,8.63,8.47,21977920.0,187792911.0
2019-07-11,8.57,8.58,8.7,8.54,37161302.0,320346610.0
2019-07-12,8.57,8.8,8.91,8.56,67175379.0,587206281.0
2019-07-15,8.7,8.76,8.9,8.56,49476718.0,431683177.0
2019-07-16,8.78,8.75,8.81,8.73,25199603.0,220796606.0
2019-07-17,8.76,8.76,8.78,8.7,23796428.0,207836404.0
2019-07-18,8.75,8.69,8.82,8.64,28415945.0,247894833.0
2019-07-19,8.65,8.67,8.79,8.64,32444825.0,282583889.0
2019-07-22,8.68,8.44,8.72,8.44,37275879.0,317284267.0
2019-07-23,8.46,8.45,8.5,8.37,23984979.0,202343486.0
2019-07-24,8.46,8.63,8.72,8.46,39508543.0,340835170.0
2019-07-25,8.59,8.61,8.65,8.51,25874242.0,221926542.0
2019-07-26,8.57,8.6,8.63,8.52,18363179.0,157426357.0
2019-07-29,8.63,8.58,8.65,8.56,16428898.0,141155859.0
2019-07-30,8.7,8.68,8.79,8.67,44788400.0,390910555.0
2019-07-31,8.73,8.64,8.74,8.63,25727377.0,223136392.0
2019-08-01,8.6,8.58,8.65,8.55,24124294.0,206987495.0
2019-08-02,8.42,8.35,8.44,8.16,36503797.0,304416333.0
2019-08-05,8.32,8.18,8.35,8.18,32222945.0,265427046.0
2019-08-06,7.97,8.03,8.13,7.64,49620949.0,392111043.0
2019-08-07,8.07,7.91,8.11,7.9,25982800.0,207520706.0
2019-08-08,8.0,8.0,8.05,7.91,25316947.0,202164972.0
2019-08-09,8.03,7.82,8.05,7.8,28109576.0,222562147.0
2019-08-12,7.83,7.94,7.94,7.78,19989659.0,157184078.0
2019-08-13,7.87,7.83,7.89,7.77,19173987.0,150199974.0
2019-08-14,7.92,7.9,7.96,7.87,21381090.0,169158539.0
2019-08-15,7.77,7.88,7.89,7.7,18985415.0,148080500.0
2019-08-16,7.92,7.92,8.03,7.87,25014546.0,198886207.0
2019-08-19,7.97,8.2,8.2,7.93,52011570.0,421063886.0
2019-08-20,8.16,8.11,8.25,8.08,29984341.0,244382691.0
2019-08-21,8.07,8.07,8.16,8.04,17925962.0,145212903.0
2019-08-22,8.1,8.09,8.11,8.03,16695036.0,134720597.0
2019-08-23,8.1,8.2,8.27,8.08,38179958.0,312850731.0
2019-08-26,8.03,8.05,8.1,7.98,25567050.0,205641964.0
2019-08-27,8.1,8.2,8.3,8.1,40208108.0,330072746.0
2019-08-28,8.16,8.09,8.18,8.06,24146706.0,195651368.0
2019-08-29,8.1,8.05,8.13,8.03,19599767.0,158012093.0
2019-08-30,8.1,8.03,8.15,7.99,23166733.0,186829879.0
2019-09-02,8.04,8.21,8.28,8.02,40581711.0,331890406.0
2019-09-03,8.18,8.2,8.26,8.15,29227159.0,239325652.0
2019-09-04,8.19,8.37,8.41,8.14,60428292.0,501973228.0
2019-09-05,8.43,8.7,9.13,8.43,136373638.0,1193255889.0
2019-09-06,8.7,8.75,8.75,8.56,71418857.0,619135227.0
2019-09-09,8.88,8.77,8.93,8.69,66364988.0,582365704.0
2019-09-10,8.78,8.8,8.82,8.66,48687397.0,425213594.0
2019-09-11,8.89,8.76,8.93,8.73,47435407.0,417983318.0
2019-09-12,8.78,9.01,9.06,8.75,95251071.0,849226294.0
2019-09-16,9.03,8.89,9.03,8.86,56178690.0,500653912.0
2019-09-17,8.8,8.63,8.87,8.61,51334941.0,446685355.0
2019-09-18,8.68,8.58,8.69,8.57,30555776.0,263679103.0
2019-09-19,8.62,8.74,8.76,8.57,35511956.0,308370710.0
2019-09-20,8.71,8.75,8.83,8.68,34067431.0,298346605.0
2019-09-23,8.69,8.65,8.69,8.59,31536380.0,271909913.0
2019-09-24,8.64,8.61,8.68,8.57,22645455.0,195325943.0
2019-09-25,8.57,8.42,8.58,8.4,39257348.0,332558493.0
2019-09-26,8.44,8.32,8.51,8.29,31840026.0,267114032.0
2019-09-27,8.31,8.31,8.35,8.24,19907508.0,165345917.0
2019-09-30,8.32,8.23,8.36,8.23,17370727.0,144118248.0
2019-10-08,8.25,8.28,8.39,8.25,21720042.0,180257728.0
2019-10-09,8.24,8.3,8.36,8.16,17395939.0,143890082.0
2019-10-10,8.3,8.34,8.34,8.25,17085348.0,142022033.0
2019-10-11,8.34,8.41,8.47,8.24,34314707.0,287007779.0
2019-10-14,8.49,8.65,8.8,8.41,62050978.0,535184464.0
2019-10-15,8.62,8.51,8.66,8.48,27281678.0,232621878.0
2019-10-16,8.55,8.65,8.87,8.54,63507834.0,553668713.0
2019-10-17,8.61,8.65,8.73,8.54,31477784.0,271401569.0
2019-10-18,8.63,8.4,8.69,8.37,39661954.0,336667575.0
2019-10-21,8.41,8.47,8.56,8.24,27788371.0,234253654.0
2019-10-22,8.46,8.38,8.47,8.28,27843117.0,232658494.0
2019-10-23,8.32,8.26,8.37,8.25,21413946.0,177769972.0
2019-10-24,8.26,8.25,8.33,8.22,16525772.0,136626145.0
2019-10-25,8.25,8.23,8.25,8.08,26944639.0,219929221.0
2019-10-28,8.24,8.32,8.34,8.21,24310942.0,201398036.0
2019-10-29,8.33,8.23,8.34,8.23,17099465.0,141141216.0
2019-10-30,8.21,8.28,8.4,8.21,30555282.0,254278594.0
2019-10-31,8.29,8.18,8.31,8.13,19729398.0,161759099.0
2019-11-01,8.13,8.27,8.3,8.13,18339494.0,151300567.0
2019-11-04,8.25,8.29,8.35,8.25,23704574.0,196941394.0
2019-11-05,8.3,8.43,8.5,8.27,47435094.0,398538312.0
2019-11-06,8.43,8.28,8.45,8.24,26762044.0,223202021.0
2019-11-07,8.29,8.25,8.29,8.19,20066775.0,165262032.0
2019-11-08,8.28,8.18,8.32,8.18,22564365.0,185921922.0
2019-11-11,8.15,8.04,8.18,8.03,21975173.0,178009619.0
2019-11-12,8.02,7.94,8.04,7.88,22782678.0,181187333.0
2019-11-13,7.9,7.76,7.9,7.59,31684635.0,244705430.0
2019-11-14,7.76,7.73,7.78,7.69,18227247.0,140802758.0
2019-11-15,7.71,7.6,7.72,7.6,21411195.0,163779729.0
2019-11-18,7.54,6.85,7.54,6.85,203066110.0,1417560796.0
2019-11-19,6.65,6.86,6.86,6.45,234100051.0,1545696393.0
2019-11-20,6.7,6.64,6.76,6.62,132591286.0,885732680.0
2019-11-21,6.64,6.57,6.65,6.52,68827931.0,452967013.0
2019-11-22,6.56,6.49,6.61,6.47,86024108.0,561580100.0
2019-11-25,6.49,6.53,6.58,6.44,60165008.0,392162644.0
2019-11-26,6.54,6.47,6.55,6.47,53484834.0,347292163.0
2019-11-27,6.48,6.45,6.49,6.43,43709380.0,282317608.0
2019-11-28,6.43,6.31,6.47,6.28,75567902.0,479919660.0
2019-11-29,6.32,6.3,6.33,6.27,49272077.0,310035450.0
2019-12-02,6.31,6.32,6.39,6.29,58511289.0,370961043.0
2019-12-03,6.3,6.39,6.39,6.27,50863403.0,322382404.0
2019-12-04,6.35,6.34,6.42,6.31,60454693.0,384554305.0
2019-12-05,6.36,6.46,6.48,6.34,68022897.0,435890540.0
2019-12-06,6.47,6.49,6.52,6.44,57078003.0,369963887.0
2019-12-09,6.52,6.49,6.54,6.47,38706387.0,251249407.0
2019-12-10,6.47,6.46,6.49,6.43,32786222.0,211373830.0
2019-12-11,6.48,6.51,6.57,6.45,58377616.0,380173344.0
2019-12-12,6.51,6.48,6.52,6.47,28155157.0,182482753.0
2019-12-13,6.51,6.79,6.86,6.51,169385898.0,1136297975.0
2019-12-16,6.79,6.87,6.89,6.7,122596530.0,832130874.0
2019-12-17,6.84,7.31,7.56,6.82,220644769.0,1601685544.0
2019-12-18,7.26,7.29,7.5,7.2,144919809.0,1065266984.0
2019-12-19,7.26,7.28,7.37,7.22,80275976.0,584896950.0
2019-12-20,7.3,7.28,7.41,7.27,88956988.0,652627521.0
2019-12-23,7.28,6.95,7.29,6.95,106387804.0,754144686.0
2019-12-24,6.95,7.07,7.08,6.9,67255288.0,469373824.0
2019-12-25,7.03,7.03,7.08,6.97,48398291.0,339566969.0
2019-12-26,7.03,7.11,7.11,6.99,54015164.0,381050960.0
2019-12-27,7.11,7.11,7.34,7.09,99829882.0,719298312.0
2019-12-30,6.99,7.29,7.3,6.99,105332528.0,758129538.28
2019-12-31,7.27,7.26,7.33,7.18,74910209.0,543318194.29
2020-01-02,7.37,7.4,7.55,7.34,117215788.0,872767849.11
2020-01-03,7.44,7.42,7.51,7.37,70991700.0,527884850.61
2020-01-06,7.37,7.35,7.46,7.29,91915992.0,677600823.35
2020-01-07,7.37,7.4,7.43,7.31,62248345.0,458614649.03
2020-01-08,7.37,7.22,7.37,7.18,72282460.0,526448767.45
2020-01-09,7.31,7.29,7.36,7.25,48269133.0,352295625.05
2020-01-10,7.34,7.27,7.36,7.23,45645557.0,332681503.3
2020-01-13,7.24,7.35,7.35,7.13,58902648.0,426138751.33
2020-01-14,7.37,7.38,7.53,7.37,84495288.0,627383534.04
2020-01-15,7.35,7.27,7.37,7.25,52697887.0,384108147.39
2020-01-16,7.27,7.16,7.31,7.15,46460181.0,334484185.81
2020-01-17,7.2,7.18,7.24,7.15,34892414.0,250521034.71
2020-01-20,7.19,7.3,7.3,7.15,56583254.0,410770224.21
2020-01-21,7.27,7.17,7.27,7.15,48527326.0,349044270.1
2020-01-22,7.16,7.19,7.24,7.0,50024235.0,356226870.05
2020-01-23,7.14,6.94,7.15,6.89,67045271.0,470745959.6
2020-02-03,6.25,6.25,6.47,6.25,93558399.0,586538914.92
2020-02-04,6.14,6.43,6.45,6.14,106023590.0,675501332.91
2020-02-05,6.44,6.52,6.65,6.37,85783454.0,560156827.09
2020-02-06,6.52,6.61,6.65,6.45,71154707.0,466249720.54
2020-02-07,6.56,6.56,6.61,6.49,58837120.0,384550510.31
2020-02-10,6.5,6.59,6.6,6.47,51947292.0,340189103.01
2020-02-11,6.62,6.72,6.87,6.58,79126729.0,533957742.71
2020-02-12,6.71,6.76,6.77,6.65,58801592.0,394887888.21
2020-02-13,6.9,6.76,6.92,6.74,69998039.0,476643424.23
2020-02-14,6.76,6.78,6.84,6.71,59860804.0,405471899.87
2020-02-17,6.79,6.93,6.97,6.77,96591268.0,662860611.9
2020-02-18,6.92,6.89,6.93,6.82,68518435.0,470777068.44
2020-02-19,6.87,6.86,6.96,6.85,73204122.0,505297161.42
2020-02-20,6.88,7.21,7.37,6.77,183023341.0,1284296093.35
2020-02-21,7.16,7.16,7.32,7.09,140611137.0,1011627259.83
2020-02-24,7.06,7.0,7.08,6.96,118485640.0,831067915.06
2020-02-25,6.85,6.9,6.91,6.71,110915098.0,757747483.86
2020-02-26,6.77,6.86,7.02,6.74,100671297.0,695173375.27
2020-02-27,6.86,6.81,6.93,6.78,66957014.0,458119187.51
2020-02-28,6.69,6.48,6.72,6.48,117612042.0,773759483.26
2020-03-02,6.51,6.71,6.72,6.51,82343801.0,545807873.45
2020-03-03,6.77,6.71,6.85,6.68,87126149.0,587768144.64
2020-03-04,6.68,6.74,6.76,6.61,67603845.0,452755429.09
2020-03-05,6.8,7.02,7.07,6.72,207809339.0,1443533603.17
2020-03-06,6.91,6.82,6.95,6.8,126000277.0,863958997.66
2020-03-09,6.62,6.59,6.69,6.56,111969144.0,740964548.55
2020-03-10,6.51,6.71,6.71,6.5,89050665.0,588922955.54
2020-03-11,6.7,6.6,6.71,6.6,62241395.0,413665185.97
2020-03-12,6.53,6.53,6.59,6.5,47167126.0,308113559.74
2020-03-13,6.22,6.47,6.52,6.2,66917466.0,425320744.87
2020-03-16,6.47,6.27,6.51,6.23,65301841.0,417278483.6
2020-03-17,6.3,6.2,6.39,6.07,61234942.0,380297533.47
2020-03-18,6.25,6.08,6.31,6.07,52462690.0,324933219.8
2020-03-19,6.05,5.99,6.11,5.84,63232643.0,377341016.81
2020-03-20,6.03,6.07,6.07,5.95,45076332.0,271520554.69
2020-03-23,5.93,5.91,5.99,5.88,36733831.0,217864278.05
2020-03-24,5.99,6.07,6.11,5.92,51267723.0,308233507.44
2020-03-25,6.22,6.18,6.27,6.14,62489199.0,387058511.94
2020-03-26,6.15,6.07,6.16,6.05,50044360.0,305715565.64
2020-03-27,6.13,6.07,6.15,6.06,37216276.0,227197189.21
2020-03-30,5.96,6.04,6.05,5.93,35859110.0,214707063.38
2020-03-31,6.1,6.03,6.1,5.99,25957975.0,157021556.0
2020-04-01,6.0,5.99,6.08,5.98,30150992.0,181698885.22
2020-04-02,5.95,6.04,6.04,5.93,30878647.0,184483197.59
2020-04-03,6.02,5.97,6.02,5.96,24147596.0,144463803.1
2020-04-07,6.05,6.05,6.06,6.01,51290087.0,309610091.21
2020-04-08,6.01,6.02,6.04,5.99,27789168.0,166919623.91
2020-04-09,6.04,6.06,6.07,6.02,34513543.0,208864560.14
2020-04-10,6.05,6.09,6.22,6.01,66155690.0,404278303.29
2020-04-13,6.04,6.02,6.06,5.98,31258894.0,187764232.0
2020-04-14,6.04,6.1,6.11,6.01,37232159.0,225533262.49
2020-04-15,6.1,6.04,6.1,6.04,28921875.0,175498434.64
2020-04-16,6.01,6.01,6.05,5.99,26659560.0,160249248.39
2020-04-17,6.05,6.11,6.21,6.03,77448822.0,473780649.46
2020-04-20,6.1,6.12,6.14,6.05,47502755.0,289558242.55
2020-04-21,6.09,6.04,6.1,5.99,40311337.0,242968707.66
2020-04-22,6.03,6.04,6.05,5.98,27759593.0,166910045.83
2020-04-23,6.05,6.0,6.06,5.99,23570213.0,141769292.52
2020-04-24,5.97,5.9,5.99,5.89,35798745.0,212497078.66
2020-04-27,5.9,5.91,5.97,5.88,23507269.0,139501620.01
2020-04-28,5.91,5.88,5.94,5.76,33977844.0,199096392.09
2020-04-29,5.86,5.95,6.0,5.84,34869564.0,207241078.42
2020-04-30,6.01,6.07,6.1,6.01,60465523.0,366327395.54
2020-05-06,6.0,6.1,6.1,5.97,43680861.0,264003782.65
2020-05-07,6.1,6.06,6.17,6.05,37390810.0,228056817.34
2020-05-08,6.11,6.17,6.22,6.07,54402874.0,334814463.43
2020-05-11,6.16,6.13,6.22,6.11,39195928.0,241632299.41
2020-05-12,6.11,6.07,6.12,6.04,30845926.0,187205236.44
2020-05-13,6.05,6.07,6.09,6.02,20132518.0,121804813.39
2020-05-14,6.05,5.98,6.05,5.98,26545643.0,159295502.29
2020-05-15,6.01,5.97,6.03,5.96,16128903.0,96586546.87
2020-05-18,5.97,6.0,6.04,5.95,25100178.0,150655022.27
2020-05-19,6.05,6.04,6.06,6.02,23707747.0,143158043.89
2020-05-20,6.05,5.98,6.05,5.96,23086055.0,138249915.04
2020-05-21,5.99,5.96,6.01,5.94,16991419.0,101423110.69
2020-05-22,5.96,5.85,5.96,5.84,33632861.0,197748926.89
2020-05-25,5.86,5.83,5.87,5.82,20654710.0,120568499.57
2020-05-26,5.83,5.87,5.87,5.83,16329714.0,95665647.51
2020-05-27,5.86,5.85,5.89,5.83,13793750.0,80789595.42
2020-05-28,5.85,5.92,5.98,5.84,29763412.0,176064722.52
2020-05-29,5.89,5.94,5.94,5.86,21593921.0,127155108.17
2020-06-01,5.93,6.04,6.05,5.93,45951372.0,275733299.29
2020-06-02,6.03,6.06,6.09,6.0,44290758.0,267885942.55
2020-06-03,6.06,6.05,6.19,6.05,71719693.0,439884664.91
2020-06-04,6.05,6.03,6.06,5.98,34425876.0,207256782.87
2020-06-05,6.03,6.02,6.03,5.96,21074743.0,126282927.5
2020-06-08,6.04,6.09,6.16,6.04,47445309.0,289527830.9
2020-06-09,6.1,6.13,6.15,6.07,35651027.0,218351238.88
2020-06-10,6.13,6.07,6.14,6.04,28654767.0,173842283.34
2020-06-11,6.06,6.0,6.1,5.99,30467509.0,184021232.91
2020-06-12,5.93,5.93,6.04,5.91,39384722.0,235313108.4
2020-06-15,6.0,5.98,6.07,5.96,34701902.0,208717273.51
2020-06-16,6.03,6.05,6.05,5.98,27922192.0,168116108.6
2020-06-17,6.03,6.0,6.03,5.98,21321092.0,127908513.32
2020-06-18,5.98,6.01,6.06,5.96,25933847.0,155970262.94
2020-06-19,6.01,6.11,6.12,6.0,54280870.0,329436523.42
2020-06-22,6.09,6.21,6.36,6.07,103339360.0,643684990.77
2020-06-23,6.15,6.11,6.16,6.07,50129429.0,306414292.89
2020-06-24,6.11,6.19,6.27,6.1,58013119.0,359741280.36
2020-06-29,6.12,6.05,6.15,6.04,40385920.0,245437338.62
2020-06-30,6.06,6.16,6.19,6.05,46523881.0,284873017.35
2020-07-01,6.16,6.43,6.45,6.12,149714181.0,947877615.1
2020-07-02,6.41,7.03,7.07,6.37,329168887.0,2242367381.02
2020-07-03,7.05,7.37,7.37,6.98,365483503.0,2628061144.58
2020-07-06,7.57,8.02,8.02,7.37,388327810.0,3027499051.24
2020-07-07,8.06,7.64,8.32,7.53,344062833.0,2686235087.59
2020-07-08,7.64,8.03,8.25,7.57,312249631.0,2437777335.16
2020-07-09,7.87,7.89,8.17,7.77,253556724.0,2010635348.63
2020-07-10,7.54,7.31,7.54,7.28,325711528.0,2409048646.4
2020-07-13,7.21,7.35,7.43,7.08,210712533.0,1529337381.38
2020-07-14,7.32,7.19,7.32,7.08,140417062.0,1011467672.0
2020-07-15,7.2,7.21,7.33,7.07,143841551.0,1035941554.95
2020-07-16,7.34,7.01,7.51,6.98,199721353.0,1454793875.09
2020-07-17,6.93,6.82,7.05,6.79,120784411.0,830563373.94
2020-07-20,7.03,7.37,7.37,6.95,222442277.0,1602085723.43
2020-07-21,7.64,7.18,7.64,7.15,168513685.0,1229522793.36
2020-07-22,7.19,7.17,7.32,7.04,116467558.0,837041559.68
2020-07-23,7.08,7.02,7.11,6.89,91828967.0,642751614.59
2020-07-24,7.0,6.75,7.1,6.74,99817478.0,684657674.13
2020-07-27,6.76,6.75,6.82,6.65,51845025.0,348256781.11
2020-07-28,6.77,6.8,6.82,6.73,42988310.0,291175536.95
2020-07-29,6.77,6.93,6.97,6.72,73637917.0,507856174.65
2020-07-30,6.91,6.81,6.92,6.8,55626271.0,380340458.85
2020-07-31,6.79,6.83,6.93,6.76,59432644.0,406648412.17
2020-08-03,6.85,6.93,6.93,6.83,79905658.0,550017075.63
2020-08-04,6.95,7.11,7.26,6.86,163857047.0,1156261402.9
2020-08-05,7.02,6.97,7.02,6.9,78453227.0,545639781.28
2020-08-06,6.98,6.98,7.03,6.87,68614772.0,476087145.41
2020-08-07,6.94,6.85,6.95,6.81,59386980.0,408017200.77
2020-08-10,6.82,6.94,6.99,6.8,81165214.0,562996787.57
2020-08-11,6.93,6.87,7.07,6.85,82973201.0,578601134.62
2020-08-12,6.87,6.85,6.93,6.8,59497640.0,407528482.56
2020-08-13,6.85,6.86,6.89,6.83,40941031.0,280496368.03
2020-08-14,6.86,7.07,7.1,6.81,99065719.0,689648410.4
2020-08-17,7.09,7.56,7.74,7.04,311840872.0,2313945067.88
2020-08-18,7.5,7.37,7.51,7.28,167869625.0,1238221018.03
2020-08-19,7.29,7.18,7.34,7.15,105407595.0,762768657.01
2020-08-20,7.14,7.26,7.31,7.1,79026057.0,568906793.54
2020-08-21,7.29,7.23,7.3,7.17,59669273.0,431776310.16
2020-08-24,7.17,7.11,7.2,7.09,57110099.0,407421120.55
2020-08-25,7.11,7.07,7.22,7.03,57239069.0,407467816.49
2020-08-26,7.09,6.96,7.1,6.95,60596424.0,425014468.67
2020-08-27,6.96,6.99,7.03,6.91,40207375.0,280069822.09
2020-08-28,6.97,7.12,7.13,6.93,63753023.0,449464052.41
2020-08-31,7.15,7.02,7.18,7.01,65627258.0,466155383.33
2020-09-01,6.98,7.05,7.05,6.96,39460116.0,276169121.24
2020-09-02,7.06,6.99,7.07,6.94,44947682.0,313959310.14
2020-09-03,6.99,6.96,7.03,6.95,37905057.0,264266003.51
2020-09-04,6.9,6.88,6.92,6.86,50184386.0,345559504.1
2020-09-07,6.85,6.81,6.94,6.81,47727082.0,327710368.58
2020-09-08,6.82,6.95,7.0,6.82,56084480.0,387420394.92
2020-09-09,6.89,6.84,6.93,6.82,49634153.0,340853717.42
2020-09-10,6.88,6.85,6.98,6.81,66767462.0,459537505.25
2020-09-11,6.84,6.7,6.84,6.63,73916226.0,495690013.03
2020-09-14,6.7,6.66,6.72,6.62,40920766.0,272360759.65
2020-09-15,6.63,6.68,6.72,6.59,37703982.0,251109339.78
2020-09-16,6.66,6.66,6.72,6.62,33837441.0,225345278.93
2020-09-17,6.64,6.59,6.68,6.58,36554918.0,241999578.83
2020-09-18,6.59,6.97,6.98,6.58,136372265.0,931158410.84
2020-09-21,7.01,6.8,7.02,6.8,81837961.0,562339002.73
2020-09-22,6.75,6.71,6.87,6.69,54600160.0,368341160.62
2020-09-23,6.71,6.67,6.74,6.65,36962224.0,246618830.84
2020-09-24,6.63,6.65,6.73,6.62,39735633.0,264638350.35
2020-09-25,6.63,6.66,6.69,6.59,35583731.0,236270645.17
2020-09-28,6.64,6.63,6.69,6.62,26457280.0,176060928.49
2020-09-29,6.66,6.65,6.68,6.63,22389887.0,148990951.66
2020-09-30,6.65,6.58,6.67,6.56,29404731.0,194365365.4
2020-10-09,6.63,6.67,6.7,6.63,35105268.0,233971868.25
2020-10-12,6.68,6.85,6.88,6.68,75499616.0,514545610.69
2020-10-13,6.79,6.78,6.8,6.73,42140700.0,284801503.65
2020-10-14,6.76,6.72,6.77,6.68,30913738.0,207633730.11
2020-10-15,6.74,6.76,6.89,6.73,48825904.0,331775892.48
2020-10-16,6.74,6.81,6.85,6.73,51749601.0,351665320.07
2020-10-19,6.84,6.83,7.0,6.79,83718710.0,578204025.21
2020-10-20,6.8,6.8,6.85,6.74,43327012.0,294414772.04
2020-10-21,6.82,6.91,6.95,6.76,68317775.0,468972673.56
2020-10-22,6.91,6.84,6.91,6.76,51384639.0,350472726.94
2020-10-23,6.8,6.95,7.09,6.8,128632348.0,897505355.89
2020-10-26,6.94,6.8,6.94,6.74,86840938.0,592623894.54
2020-10-27,6.74,6.72,6.77,6.69,50738439.0,340794478.52
2020-10-28,6.71,6.66,6.71,6.57,49263856.0,326601480.57
2020-10-29,6.58,6.62,6.66,6.54,46748135.0,307956242.22
2020-10-30,6.59,6.44,6.63,6.42,62485549.0,407162628.17
2020-11-02,6.42,6.32,6.51,6.27,57836173.0,368236802.17
2020-11-03,6.32,6.4,6.46,6.3,42500473.0,271368316.95
2020-11-04,6.38,6.34,6.39,6.3,40403364.0,255715075.5
2020-11-05,6.38,6.4,6.42,6.34,36979129.0,236052041.54
2020-11-06,6.4,6.4,6.42,6.36,34322845.0,219312098.42
2020-11-09,6.42,6.55,6.59,6.42,68273431.0,444709505.71
2020-11-10,6.57,6.48,6.63,6.43,65049994.0,424556210.74
2020-11-11,6.43,6.43,6.48,6.4,41514013.0,267136345.89
2020-11-12,6.42,6.39,6.45,6.37,31549159.0,201756179.53
2020-11-13,6.35,6.32,6.37,6.29,37324314.0,235753654.96
2020-11-16,6.35,6.4,6.43,6.35,42604671.0,272263824.76
2020-11-17,6.4,6.38,6.41,6.34,32893291.0,209432699.98
2020-11-18,6.4,6.45,6.51,6.38,67123566.0,432872701.03
2020-11-19,6.42,6.48,6.48,6.39,47505764.0,305552904.81
2020-11-20,6.43,6.43,6.46,6.4,35884577.0,230170894.22
2020-11-23,6.42,6.48,6.55,6.4,77504995.0,502410170.33
2020-11-24,6.46,6.44,6.51,6.43,44356691.0,286753075.36
2020-11-25,6.47,6.5,6.65,6.47,124334032.0,816968918.27
2020-11-26,6.47,6.61,6.64,6.45,108460588.0,712134593.22
2020-11-27,6.64,6.78,6.79,6.57,131047859.0,875322346.78
2020-11-30,6.85,6.74,7.03,6.7,207419028.0,1425404509.97
2020-12-01,6.67,6.9,6.97,6.59,188748155.0,1279909603.79
2020-12-02,6.81,6.83,6.93,6.79,116598341.0,797675847.72
2020-12-03,6.8,7.0,7.24,6.69,199981750.0,1383427234.05
2020-12-04,6.9,6.85,6.95,6.81,111730331.0,767690438.17
2020-12-07,6.84,6.7,6.86,6.69,85717415.0,578024375.72
2020-12-08,6.71,6.62,6.74,6.61,58155637.0,387068725.79
2020-12-09,6.63,6.51,6.69,6.5,70266486.0,464232201.94
2020-12-10,6.53,6.55,6.58,6.49,58646430.0,383168946.94
2020-12-11,6.53,6.42,6.56,6.36,80438704.0,517541424.66
2020-12-14,6.42,6.44,6.47,6.38,43761561.0,281248359.98
2020-12-15,6.42,6.38,6.43,6.35,44567301.0,284075182.46
2020-12-16,6.37,6.37,6.46,6.36,50878376.0,325703310.83
2020-12-17,6.37,6.47,6.47,6.32,61168600.0,391874492.47
2020-12-18,6.43,6.4,6.48,6.39,44234853.0,284437403.99
2020-12-21,6.41,6.42,6.45,6.33,42419838.0,271297360.28
2020-12-22,6.39,6.26,6.4,6.25,80008962.0,506046960.2
2020-12-23,6.25,6.28,6.29,6.21,46149359.0,288417510.57
2020-12-24,6.26,6.21,6.32,6.2,37173824.0,232401064.81
2020-12-25,6.19,6.22,6.25,6.12,39056733.0,241811990.69
2020-12-28,6.21,6.22,6.28,6.16,39311720.0,244341847.0
2020-12-29,6.22,6.24,6.29,6.21,38245146.0,239089456.23
2020-12-30,6.22,6.25,6.26,6.18,40376062.0,251069532.94
2020-12-31,6.27,6.42,6.45,6.26,103939815.0,663639433.87
2021-01-04,6.4,6.35,6.41,6.31,79304192.0,502930797.28
2021-01-05,6.33,6.3,6.33,6.21,83095986.0,519686413.38
2021-01-06,6.29,6.37,6.37,6.26,78776243.0,497122455.74
2021-01-07,6.32,6.31,6.4,6.21,80893394.0,509474893.1
2021-01-08,6.25,6.24,6.29,6.22,60606152.0,378304688.19
2021-01-11,6.23,6.15,6.23,6.13,62501999.0,386088048.9
2021-01-12,6.12,6.31,6.32,6.08,105694822.0,655837110.31
2021-01-13,6.29,6.22,6.32,6.14,75484388.0,470062396.95
2021-01-14,6.21,6.27,6.4,6.17,87101281.0,548294795.3
2021-01-15,6.24,6.35,6.47,6.23,153321045.0,979534248.05
2021-01-18,6.3,6.29,6.34,6.24,90363641.0,567527333.11
2021-01-19,6.27,6.25,6.34,6.2,84412975.0,528946090.44
2021-01-20,6.23,6.2,6.27,6.18,62396080.0,387325990.03
2021-01-21,6.2,6.21,6.25,6.16,54302899.0,336723469.0
2021-01-22,6.18,6.09,6.19,6.08,72658416.0,444699650.5
2021-01-25,6.09,6.02,6.1,5.99,58119255.0,350594605.15
2021-01-26,5.99,6.0,6.04,5.98,32419478.0,194405910.84
2021-01-27,6.01,6.02,6.04,5.99,23901315.0,143820601.34
2021-01-28,5.99,5.94,5.99,5.91,41225809.0,245152541.18
2021-01-29,5.95,5.89,5.97,5.87,38298240.0,226176524.14
2021-02-01,5.88,5.86,5.9,5.82,43538885.0,254920970.0
2021-02-02,5.84,5.87,5.89,5.84,27926253.0,163895924.98
2021-02-03,5.87,5.78,5.88,5.77,34824261.0,202039600.16
2021-02-04,5.79,5.77,5.87,5.73,43419867.0,251203867.77
2021-02-05,5.78,5.8,5.84,5.72,40734664.0,235553311.74
2021-02-08,5.79,5.75,5.81,5.72,32390616.0,186260728.64
2021-02-09,5.74,5.8,5.8,5.72,31960716.0,184041171.87
2021-02-10,5.78,5.83,5.9,5.78,43438568.0,253984726.03
2021-02-18,5.91,5.95,6.02,5.87,60118410.0,356836752.44
2021-02-19,5.92,6.04,6.05,5.89,59861304.0,359359142.17
2021-02-22,6.02,6.01,6.09,5.99,67404921.0,407619578.95
2021-02-23,5.99,6.04,6.1,5.97,57190416.0,345768441.69
2021-02-24,6.0,5.97,6.08,5.93,55710122.0,334257934.18
2021-02-25,5.98,6.11,6.21,5.94,119292210.0,726036663.62
2021-02-26,6.0,5.99,6.04,5.94,78041869.0,467114631.73
2021-03-01,5.98,5.99,6.0,5.93,36834957.0,219772185.94
2021-03-02,5.98,5.95,6.01,5.92,37383768.0,222938063.03
2021-03-03,5.93,6.04,6.09,5.92,68891156.0,415706009.37
2021-03-04,5.98,6.0,6.07,5.98,49708161.0,298866496.92
2021-03-05,5.98,6.0,6.04,5.94,38494284.0,230259318.03
2021-03-08,6.03,5.98,6.09,5.98,55197412.0,333045941.91
2021-03-09,5.97,5.9,6.02,5.87,56296152.0,334388510.74
2021-03-10,5.93,5.86,5.94,5.86,38449860.0,226274284.67
2021-03-11,5.88,5.91,5.92,5.87,34826934.0,205331015.75
2021-03-12,5.91,5.9,5.92,5.86,32127684.0,189292548.4
2021-03-15,5.89,5.9,5.92,5.88,31102538.0,183443229.61
2021-03-16,5.91,5.95,5.96,5.9,35518306.0,210873175.96
2021-03-17,5.95,5.92,5.96,5.9,27586850.0,163569118.02
2021-03-18,5.91,5.89,5.93,5.88,25718295.0,151901731.14
2021-03-19,5.88,5.83,5.88,5.81,41556435.0,242712156.0
2021-03-22,5.83,5.86,5.87,5.81,28015104.0,163642281.84
2021-03-23,5.86,5.86,5.89,5.83,25789751.0,150957358.88
2021-03-24,5.84,5.83,5.87,5.8,33345979.0,194282015.27
2021-03-25,5.84,5.82,5.85,5.81,23843446.0,138962552.6
2021-03-26,5.82,5.87,5.88,5.82,33283761.0,194850278.63
2021-03-29,5.86,5.82,5.87,5.81,25887913.0,150962155.76
2021-03-30,5.83,5.82,5.83,5.8,21412197.0,124337280.09
2021-03-31,5.82,5.81,5.83,5.79,21232803.0,123047015.11
2021-04-01,5.8,5.81,5.82,5.79,19028973.0,110349242.06
2021-04-02,5.8,5.8,5.81,5.79,19703143.0,114205643.66
2021-04-06,5.8,5.8,5.81,5.78,16696987.0,96694395.07
2021-04-07,5.79,5.82,5.83,5.78,22037023.0,127714353.12
2021-04-08,5.82,5.84,5.88,5.8,37045820.0,216568650.38
2021-04-09,5.82,5.8,5.82,5.79,22795650.0,132215859.03
2021-04-12,5.8,5.79,5.82,5.78,21051664.0,121947105.72
2021-04-13,5.79,5.78,5.8,5.77,19793395.0,114386248.44
2021-04-14,5.79,5.79,5.8,5.78,16096313.0,93129020.0
2021-04-15,5.78,5.76,5.79,5.73,23907113.0,137400478.84
2021-04-16,5.75,5.79,5.79,5.75,18399910.0,106168548.65
2021-04-19,5.79,5.82,5.82,5.77,23449625.0,135976535.59
2021-04-20,5.8,5.79,5.82,5.78,17918039.0,103781880.41
2021-04-21,5.77,5.78,5.79,5.76,14084670.0,81337714.03
2021-04-22,5.8,5.79,5.82,5.77,18203399.0,105475734.0
2021-04-23,5.79,5.79,5.82,5.76,21778666.0,125969321.96
2021-04-26,5.77,5.74,5.78,5.73,26475922.0,152263995.86
2021-04-27,5.74,5.72,5.75,5.68,30448863.0,173910329.0
2021-04-28,5.7,5.69,5.71,5.66,20469019.0,116331841.69
2021-04-29,5.74,5.87,5.92,5.73,97992680.0,572297436.66
2021-04-30,5.87,5.92,5.96,5.83,90783843.0,536311087.65
2021-05-06,5.9,5.9,5.95,5.86,49753207.0,293151835.65
2021-05-07,5.9,5.9,5.94,5.87,34936195.0,206127010.21
2021-05-10,5.89,5.87,5.89,5.83,37663291.0,220452983.46
2021-05-11,5.85,5.93,5.94,5.81,50875452.0,299423537.16
2021-05-12,5.91,5.92,5.94,5.88,35334894.0,209137541.3
2021-05-13,5.89,5.88,5.93,5.87,29421587.0,173327487.86
2021-05-14,5.9,6.09,6.11,5.88,130370600.0,786335534.49
2021-05-17,6.04,6.02,6.07,5.99,68590540.0,413303349.66
2021-05-18,6.0,6.01,6.12,6.0,59370669.0,359640807.01
2021-05-19,6.01,6.0,6.05,5.96,32698779.0,196336516.75
2021-05-20,6.0,6.02,6.06,5.96,43165018.0,259436382.76
2021-05-21,6.02,5.94,6.03,5.93,39797246.0,237527421.98
2021-05-24,5.94,5.99,6.01,5.92,37481478.0,224067620.16
2021-05-25,5.98,6.11,6.13,5.97,99284607.0,605038752.57
2021-05-26,6.12,6.08,6.15,6.06,72752720.0,444464703.09
2021-05-27,6.08,6.07,6.13,6.06,52936981.0,321839045.27
2021-05-28,6.08,6.11,6.14,6.03,47431149.0,288400006.51
2021-05-31,6.07,6.02,6.08,6.0,43265587.0,260597280.4
2021-06-01,6.0,6.01,6.03,5.97,40781071.0,244731503.76
2021-06-02,5.99,5.97,6.02,5.95,38502913.0,229941718.99
2021-06-03,5.95,5.95,6.01,5.95,25826688.0,154387691.0
2021-06-04,5.95,5.98,6.03,5.93,43324537.0,259181399.73
2021-06-07,5.99,5.96,6.0,5.94,25664347.0,153000573.73
2021-06-08,5.97,5.99,6.01,5.95,32598406.0,194963245.11
2021-06-09,5.99,5.95,6.01,5.94,36372484.0,217274162.84
2021-06-10,5.94,5.92,5.98,5.9,43158454.0,256211628.02
2021-06-11,5.91,5.88,5.92,5.85,49840795.0,292926770.61
2021-06-15,5.87,5.79,5.88,5.77,36211338.0,209886249.22
2021-06-16,5.79,5.8,5.84,5.78,27387702.0,158843953.52
2021-06-17,5.79,5.79,5.82,5.77,26374155.0,152619813.75
2021-06-18,5.78,5.79,5.8,5.75,27392761.0,158050671.5
2021-06-21,5.76,5.76,5.77,5.73,28032451.0,161039089.29
2021-06-22,5.77,5.8,5.81,5.76,30623022.0,177323974.62
2021-06-23,5.79,5.79,5.82,5.77,26812155.0,155327687.12
2021-06-24,5.79,5.81,5.83,5.78,25280637.0,146722618.2
2021-06-25,5.8,5.85,5.88,5.79,39579744.0,231520590.19
2021-06-28,5.85,5.82,5.85,5.79,30070191.0,174607226.23
2021-06-29,5.81,5.77,5.82,5.77,21045172.0,121622369.62
2021-06-30,5.77,5.8,5.81,5.76,20272121.0,117162549.5
2021-07-01,5.83,5.78,5.84,5.77,29804423.0,172727391.54
2021-07-02,5.76,5.72,5.78,5.7,36174929.0,207107590.04
2021-07-05,5.72,5.72,5.73,5.68,33591879.0,191354340.25
2021-07-06,5.71,5.75,5.77,5.69,31028392.0,177924337.94
2021-07-07,5.73,5.74,5.77,5.72,19802343.0,113569121.22
2021-07-08,5.72,5.71,5.74,5.69,22943373.0,130909698.29
2021-07-09,5.7,5.71,5.72,5.68,21267762.0,121133980.72
2021-07-12,5.75,5.69,5.75,5.69,28529754.0,162880857.16
2021-07-13,5.7,5.7,5.71,5.67,22738517.0,129416742.84
2021-07-14,5.7,5.67,5.71,5.66,29315473.0,166192345.28
2021-07-15,5.69,5.76,5.82,5.66,63543006.0,364360218.05
2021-07-16,5.73,5.7,5.74,5.68,33301724.0,189913480.45
2021-07-19,5.69,5.67,5.7,5.63,33350100.0,188620181.31
2021-07-20,5.64,5.66,5.66,5.63,17795986.0,100407786.68
2021-07-21,5.64,5.65,5.68,5.63,28015924.0,158193404.66
2021-07-22,5.64,5.7,5.72,5.64,34282365.0,194995131.94
2021-07-23,5.66,5.68,5.72,5.65,30736034.0,174667671.79
2021-07-26,5.52,5.32,5.52,5.27,111997467.0,598575982.56
2021-07-27,5.3,5.2,5.3,5.2,46266005.0,242162373.17
2021-07-28,5.18,5.23,5.24,5.17,27811975.0,145008564.12
2021-07-29,5.28,5.21,5.28,5.21,23456737.0,122641158.07
2021-07-30,5.2,5.03,5.21,5.01,51909033.0,263166519.14
2021-08-02,5.0,5.11,5.15,4.92,51030923.0,257055229.2
2021-08-03,5.09,5.06,5.12,5.04,36845526.0,187156718.79
2021-08-04,5.06,5.03,5.06,5.01,23963120.0,120402168.8
2021-08-05,5.01,5.05,5.11,5.0,26862700.0,135899467.0
2021-08-06,5.03,5.02,5.04,5.0,21943499.0,110055691.99
2021-08-09,5.0,5.09,5.12,5.0,35232576.0,178912170.2
2021-08-10,5.08,5.12,5.12,5.04,29296032.0,148795384.34
2021-08-11,5.1,5.12,5.17,5.1,29576683.0,151839195.58
2021-08-12,5.1,5.12,5.15,5.09,25823986.0,132415562.18
2021-08-13,5.11,5.11,5.13,5.07,19615318.0,100030798.92
2021-08-16,5.09,5.14,5.16,5.09,26693064.0,137110239.96
2021-08-17,5.14,5.12,5.2,5.1,34253818.0,176685144.99
2021-08-18,5.1,5.24,5.28,5.08,57869942.0,300805267.33
2021-08-19,5.21,5.15,5.22,5.13,36200454.0,186957904.86
2021-08-20,5.13,5.11,5.17,5.08,25818168.0,131897160.14
2021-08-23,5.13,5.16,5.17,5.12,29799149.0,153577113.28
2021-08-24,5.16,5.18,5.21,5.14,34447807.0,178127723.76
2021-08-25,5.19,5.17,5.2,5.15,26176646.0,135240757.27
2021-08-26,5.16,5.11,5.17,5.11,26928456.0,137928390.16
2021-08-27,5.12,5.14,5.17,5.11,30287096.0,155851966.32
2021-08-30,5.13,5.06,5.14,5.03,41715651.0,211853374.23
2021-08-31,5.06,5.14,5.14,5.04,47066790.0,239593673.6
2021-09-01,5.14,5.25,5.33,5.11,124595368.0,652562017.41
2021-09-02,5.23,5.22,5.27,5.18,73227701.0,381438076.09
2021-09-03,5.23,5.24,5.35,5.21,89757350.0,473338586.78
2021-09-06,5.24,5.29,5.32,5.22,72730371.0,384479231.96
2021-09-07,5.29,5.33,5.35,5.24,69357418.0,367238326.87
2021-09-08,5.32,5.33,5.38,5.29,76121155.0,406213314.79
2021-09-09,5.32,5.32,5.35,5.27,57321698.0,304418770.25
2021-09-10,5.32,5.34,5.44,5.32,105200427.0,564538216.65
2021-09-13,5.34,5.33,5.38,5.3,58953731.0,314700471.53
2021-09-14,5.33,5.2,5.36,5.2,74618407.0,393111768.99
2021-09-15,5.21,5.19,5.24,5.18,43928595.0,228633864.23
2021-09-16,5.2,5.17,5.25,5.14,46982203.0,243937673.26
2021-09-17,5.16,5.13,5.17,5.1,39245386.0,201175535.32
2021-09-22,5.05,5.09,5.09,5.02,37009671.0,187430110.07
2021-09-23,5.09,5.12,5.17,5.09,34514882.0,177158288.14
2021-09-24,5.11,5.07,5.14,5.06,38943456.0,198395039.12
2021-09-27,5.07,5.09,5.12,5.05,42322825.0,215075559.28
2021-09-28,5.07,5.08,5.1,5.03,37144835.0,188186080.51
2021-09-29,5.05,5.05,5.09,5.03,33288307.0,168135305.42
2021-09-30,5.04,5.06,5.08,5.03,30859876.0,156108750.34
2021-10-08,5.2,5.21,5.22,5.12,78398798.0,406534850.65
2021-10-11,5.2,5.3,5.33,5.19,91276774.0,482782658.1
2021-10-12,5.28,5.29,5.33,5.24,59945727.0,316880754.59
2021-10-13,5.29,5.26,5.29,5.2,35100411.0,184132982.71
2021-10-14,5.26,5.2,5.26,5.2,26721840.0,139531081.0
2021-10-15,5.2,5.16,5.22,5.14,38024333.0,196478229.0
2021-10-18,5.15,5.12,5.19,5.1,35543422.0,182445029.0
2021-10-19,5.11,5.22,5.22,5.1,50407741.0,261167286.0
2021-10-20,5.22,5.16,5.28,5.14,40435522.0,209673661.0
2021-10-21,5.17,5.29,5.32,5.16,77079982.0,405802117.02
2021-10-22,5.27,5.25,5.28,5.21,38776200.0,203288026.11
2021-10-25,5.26,5.26,5.29,5.18,47066798.0,246106377.5
2021-10-26,5.26,5.21,5.28,5.2,28267703.0,148000535.33
2021-10-27,5.22,5.13,5.22,5.1,49658467.0,255359750.97
2021-10-28,5.13,5.08,5.13,5.06,44281581.0,224937406.58
2021-10-29,5.06,5.02,5.09,5.01,63951027.0,321723714.09
2021-11-01,5.01,4.97,5.02,4.92,69300269.0,343922895.05
2021-11-02,4.97,4.86,4.99,4.81,85183450.0,416922171.34
2021-11-03,4.86,4.84,4.86,4.81,38869550.0,187811772.0
2021-11-04,4.84,4.84,4.85,4.81,30734582.0,148291874.88
2021-11-05,4.83,4.82,4.84,4.81,27010247.0,130229808.07
2021-11-08,4.82,4.79,4.82,4.75,35470050.0,169529786.79
2021-11-09,4.78,4.69,4.79,4.69,56373539.0,266670326.08
2021-11-10,4.68,4.68,4.68,4.61,42184101.0,195716510.82
2021-11-11,4.67,4.76,4.77,4.65,42186035.0,199595191.25
2021-11-12,4.76,4.75,4.76,4.71,25753217.0,121846582.87
2021-11-15,4.71,4.84,4.85,4.71,57002700.0,273805609.05
2021-11-16,4.82,4.9,4.91,4.8,66816035.0,326342406.48
2021-11-17,4.88,4.9,4.91,4.87,36288216.0,177360086.08
2021-11-18,4.89,4.82,4.9,4.8,39503579.0,191036111.59
2021-11-19,4.79,4.82,4.83,4.75,35454306.0,169698188.5
2021-11-22,4.81,4.77,4.82,4.75,31952677.0,152382096.75
2021-11-23,4.76,4.77,4.8,4.74,25839534.0,123331887.5
2021-11-24,4.77,4.76,4.78,4.73,24155073.0,114769102.45
2021-11-25,4.76,4.74,4.77,4.73,20171299.0,95771743.27
2021-11-26,4.74,4.7,4.74,4.69,28490728.0,134037910.32
